Workbook

Sheet Sheet1

Sheet Sheet2
A1: 0.00012 | B1: 0.00085 | C1: 0 | E1: 0.00012 | F1: 0 | G1: 0 | H1: =A1-E1 -> 0 | I1: =B1-F1 -> 0.00085
A2: 0.031369999 | B2: 0.50106001 | C2: 0 | E2: 0.031369999 | F2: 0.5 | G2: 0 | H2: =A2-E2 -> 0 | I2: =B2-F2 -> 0.001060009
A3: 0.062619999 | B3: 0.99796999 | C3: 0 | E3: 0.062619999 | F3: 0 | G3: 0 | H3: =A3-E3 -> 0 | I3: =B3-F3-1 -> -0.002030015
A4: 0.093869999 | B4: 0.50119001 | C4: 0 | E4: 0.093869999 | F4: 0.5 | G4: 0 | H4: =A4-E4 -> 0 | I4: =B4-F4 -> 0.001190007
A5: 0.12512 | B5: 0.0007 | C5: 0 | E5: 0.12512 | F5: 0 | G5: 0 | H5: =A5-E5 -> 0 | I5: =B5-F5 -> 0.0007
A6: 0.15637 | B6: 0.49803001 | C6: 0 | E6: 0.15637 | F6: 0.5 | G6: 0 | H6: =A6-E6 -> 0 | I6: =B6-F6 -> -0.001969993
A7: 0.18762 | B7: 0.00149 | C7: 0 | E7: 0.18762 | F7: 0 | G7: 0 | H7: =A7-E7 -> 0 | I7: =B7-F7 -> 0.00149
A8: 0.21887 | B8: 0.50032002 | C8: 0 | E8: 0.21887 | F8: 0.5 | G8: 0 | H8: =A8-E8 -> 0 | I8: =B8-F8 -> 0.000320017
A9: 0.25012001 | B9: 0.99816001 | C9: 0 | E9: 0.25012001 | F9: 0 | G9: 0 | H9: =A9-E9 -> 0 | I9: =B9-F9-1 -> -0.001839995
A10: 0.28137001 | B10: 0.50173002 | C10: 0 | E10: 0.28137001 | F10: 0.5 | G10: 0 | H10: =A10-E10 -> 0 | I10: =B10-F10 -> 0.001730025
A11: 0.31262001 | B11: 0.99992001 | C11: 0 | E11: 0.31262001 | F11: 0 | G11: 0 | H11: =A11-E11 -> 0 | I11: =B11-F11-1 -> -7.9989e-05
A12: 0.34387001 | B12: 0.49836001 | C12: 0 | E12: 0.34387001 | F12: 0.5 | G12: 0 | H12: =A12-E12 -> 0 | I12: =B12-F12 -> -0.001639992
A13: 0.37512001 | B13: 0.0019 | C13: 0 | E13: 0.37512001 | F13: 0 | G13: 0 | H13: =A13-E13 -> 0 | I13: =B13-F13 -> 0.0019
A14: 0.40637001 | B14: 0.49952999 | C14: 0 | E14: 0.40637001 | F14: 0.5 | G14: 0 | H14: =A14-E14 -> 0 | I14: =B14-F14 -> -0.000470012
A15: 0.43762001 | B15: 0.99861997 | C15: 0 | E15: 0.43762001 | F15: 0 | G15: 0 | H15: =A15-E15 -> 0 | I15: =B15-F15-1 -> -0.001380026
A16: 0.46887001 | B16: 0.50199997 | C16: 0 | E16: 0.46887001 | F16: 0.5 | G16: 0 | H16: =A16-E16 -> 0 | I16: =B16-F16 -> 0.001999974
A17: 0.50011998 | B17: 0.99914998 | C17: 0 | E17: 0.50011998 | F17: 0 | G17: 0 | H17: =A17-E17 -> 0 | I17: =B17-F17-1 -> -0.000850022
A18: 0.53136998 | B18: 0.49893999 | C18: 0 | E18: 0.53136998 | F18: 0.5 | G18: 0 | H18: =A18-E18 -> 0 | I18: =B18-F18 -> -0.001060009
A19: 0.56261998 | B19: 0.00203 | C19: 0 | E19: 0.56261998 | F19: 0 | G19: 0 | H19: =A19-E19 -> 0 | I19: =B19-F19 -> 0.00203
A20: 0.59386998 | B20: 0.49880999 | C20: 0 | E20: 0.59386998 | F20: 0.5 | G20: 0 | H20: =A20-E20 -> 0 | I20: =B20-F20 -> -0.001190007
A21: 0.62511998 | B21: 0.9993 | C21: 0 | E21: 0.62511998 | F21: 0 | G21: 0 | H21: =A21-E21 -> 0 | I21: =B21-F21-1 -> -0.000699997
A22: 0.65636998 | B22: 0.50196999 | C22: 0 | E22: 0.65636998 | F22: 0.5 | G22: 0 | H22: =A22-E22 -> 0 | I22: =B22-F22 -> 0.001969993
A23: 0.68761998 | B23: 0.99851 | C23: 0 | E23: 0.68761998 | F23: 0 | G23: 0 | H23: =A23-E23 -> 0 | I23: =B23-F23-1 -> -0.001489997
A24: 0.71886998 | B24: 0.49967998 | C24: 0 | E24: 0.71886998 | F24: 0.5 | G24: 0 | H24: =A24-E24 -> 0 | I24: =B24-F24 -> -0.000320017
A25: 0.75012004 | B25: 0.00184 | C25: 0 | E25: 0.75012004 | F25: 0 | G25: 0 | H25: =A25-E25 -> 0 | I25: =B25-F25 -> 0.00184
A26: 0.78137004 | B26: 0.49826997 | C26: 0 | E26: 0.78137004 | F26: 0.5 | G26: 0 | H26: =A26-E26 -> 0 | I26: =B26-F26 -> -0.001730025
A27: 0.81262004 | B27: 8e-05 | C27: 0 | E27: 0.81262004 | F27: 0 | G27: 0 | H27: =A27-E27 -> 0 | I27: =B27-F27 -> 8e-05
A28: 0.84387004 | B28: 0.50163996 | C28: 0 | E28: 0.84387004 | F28: 0.5 | G28: 0 | H28: =A28-E28 -> 0 | I28: =B28-F28 -> 0.001639962
A29: 0.87512004 | B29: 0.99809998 | C29: 0 | E29: 0.87512004 | F29: 0 | G29: 0 | H29: =A29-E29 -> 0 | I29: =B29-F29-1 -> -0.001900017
A30: 0.90637004 | B30: 0.50047004 | C30: 0 | E30: 0.90637004 | F30: 0.5 | G30: 0 | H30: =A30-E30 -> 0 | I30: =B30-F30 -> 0.000470042
A31: 0.93762004 | B31: 0.00138 | C31: 0 | E31: 0.93762004 | F31: 0 | G31: 0 | H31: =A31-E31 -> 0 | I31: =B31-F31 -> 0.00138
A32: 0.96886998 | B32: 0.498 | C32: 0 | E32: 0.96886998 | F32: 0.5 | G32: 0 | H32: =A32-E32 -> 0 | I32: =B32-F32 -> -0.002000004

Sheet Sheet3
A1: 0.00012 | B1: 0.50041997 | C1: 0.5 | E1: 0.00012 | F1: 0.5 | G1: 0.5 | H1: =A1-E1 -> 0 | I1: =B1-F1 -> 0.000419974
A2: 0.031369999 | B2: 0.00032 | C2: 0.5 | E2: 0.031369999 | F2: 0 | G2: 0.5 | H2: =A2-E2 -> 0 | I2: =B2-F2 -> 0.00032
A3: 0.062619999 | B3: 0.49922001 | C3: 0.5 | E3: 0.062619999 | F3: 0.5 | G3: 0.5 | H3: =A3-E3 -> 0 | I3: =B3-F3 -> -0.000779986
A4: 0.093869999 | B4: 0.00054 | C4: 0.5 | E4: 0.093869999 | F4: 0 | G4: 0.5 | H4: =A4-E4 -> 0 | I4: =B4-F4 -> 0.00054
A5: 0.12512 | B5: 0.50016999 | C5: 0.5 | E5: 0.12512 | F5: 0.5 | G5: 0.5 | H5: =A5-E5 -> 0 | I5: =B5-F5 -> 0.000169992
A6: 0.15637 | B6: 0.99926001 | C6: 0.5 | E6: 0.15637 | F6: 0 | G6: 0.5 | H6: =A6-E6 -> 0 | I6: =B6-F6-1 -> -0.000739992
A7: 0.18762 | B7: 0.50063998 | C7: 0.5 | E7: 0.18762 | F7: 0.5 | G7: 0.5 | H7: =A7-E7 -> 0 | I7: =B7-F7 -> 0.000639975
A8: 0.21887 | B8: 2e-05 | C8: 0.5 | E8: 0.21887 | F8: 0 | G8: 0.5 | H8: =A8-E8 -> 0 | I8: =B8-F8 -> 2e-05
A9: 0.25012001 | B9: 0.49933001 | C9: 0.5 | E9: 0.25012001 | F9: 0.5 | G9: 0.5 | H9: =A9-E9 -> 0 | I9: =B9-F9 -> -0.000669986
A10: 0.28137001 | B10: 0.00072 | C10: 0.5 | E10: 0.28137001 | F10: 0 | G10: 0.5 | H10: =A10-E10 -> 0 | I10: =B10-F10 -> 0.00072
A11: 0.31262001 | B11: 0.49987 | C11: 0.5 | E11: 0.31262001 | F11: 0.5 | G11: 0.5 | H11: =A11-E11 -> 0 | I11: =B11-F11 -> -0.000129998
A12: 0.34387001 | B12: 0.99943 | C12: 0.5 | E12: 0.34387001 | F12: 0 | G12: 0.5 | H12: =A12-E12 -> 0 | I12: =B12-F12-1 -> -0.000569999
A13: 0.37512001 | B13: 0.50076997 | C13: 0.5 | E13: 0.37512001 | F13: 0.5 | G13: 0.5 | H13: =A13-E13 -> 0 | I13: =B13-F13 -> 0.000769973
A14: 0.40637001 | B14: 0.99971998 | C14: 0.5 | E14: 0.40637001 | F14: 0 | G14: 0.5 | H14: =A14-E14 -> 0 | I14: =B14-F14-1 -> -0.000280023
A15: 0.43762001 | B15: 0.49955002 | C15: 0.5 | E15: 0.43762001 | F15: 0.5 | G15: 0.5 | H15: =A15-E15 -> 0 | I15: =B15-F15 -> -0.000449985
A16: 0.46887001 | B16: 0.00079 | C16: 0.5 | E16: 0.46887001 | F16: 0 | G16: 0.5 | H16: =A16-E16 -> 0 | I16: =B16-F16 -> 0.00079
A17: 0.50011998 | B17: 0.49958003 | C17: 0.5 | E17: 0.50011998 | F17: 0.5 | G17: 0.5 | H17: =A17-E17 -> 0 | I17: =B17-F17 -> -0.000419974
A18: 0.53136998 | B18: 0.99967998 | C18: 0.5 | E18: 0.53136998 | F18: 0 | G18: 0.5 | H18: =A18-E18 -> 0 | I18: =B18-F18-1 -> -0.000320017
A19: 0.56261998 | B19: 0.50077999 | C19: 0.5 | E19: 0.56261998 | F19: 0.5 | G19: 0.5 | H19: =A19-E19 -> 0 | I19: =B19-F19 -> 0.000779986
A20: 0.59386998 | B20: 0.99945998 | C20: 0.5 | E20: 0.59386998 | F20: 0 | G20: 0.5 | H20: =A20-E20 -> 0 | I20: =B20-F20-1 -> -0.000540018
A21: 0.62511998 | B21: 0.49983001 | C21: 0.5 | E21: 0.62511998 | F21: 0.5 | G21: 0.5 | H21: =A21-E21 -> 0 | I21: =B21-F21 -> -0.000169992
A22: 0.65636998 | B22: 0.00074 | C22: 0.5 | E22: 0.65636998 | F22: 0 | G22: 0.5 | H22: =A22-E22 -> 0 | I22: =B22-F22 -> 0.00074
A23: 0.68761998 | B23: 0.49936002 | C23: 0.5 | E23: 0.68761998 | F23: 0.5 | G23: 0.5 | H23: =A23-E23 -> 0 | I23: =B23-F23 -> -0.000639975
A24: 0.71886998 | B24: 0.99997997 | C24: 0.5 | E24: 0.71886998 | F24: 0 | G24: 0.5 | H24: =A24-E24 -> 0 | I24: =B24-F24-1 -> -2.0027e-05
A25: 0.75012004 | B25: 0.50066996 | C25: 0.5 | E25: 0.75012004 | F25: 0.5 | G25: 0.5 | H25: =A25-E25 -> 0 | I25: =B25-F25 -> 0.000669956
A26: 0.78137004 | B26: 0.99927998 | C26: 0.5 | E26: 0.78137004 | F26: 0 | G26: 0.5 | H26: =A26-E26 -> 0 | I26: =B26-F26-1 -> -0.000720024
A27: 0.81262004 | B27: 0.50013 | C27: 0.5 | E27: 0.81262004 | F27: 0.5 | G27: 0.5 | H27: =A27-E27 -> 0 | I27: =B27-F27 -> 0.000129998
A28: 0.84387004 | B28: 0.00057 | C28: 0.5 | E28: 0.84387004 | F28: 0 | G28: 0.5 | H28: =A28-E28 -> 0 | I28: =B28-F28 -> 0.00057
A29: 0.87512004 | B29: 0.49923003 | C29: 0.5 | E29: 0.87512004 | F29: 0.5 | G29: 0.5 | H29: =A29-E29 -> 0 | I29: =B29-F29 -> -0.000769973
A30: 0.90637004 | B30: 0.00028 | C30: 0.5 | E30: 0.90637004 | F30: 0 | G30: 0.5 | H30: =A30-E30 -> 0 | I30: =B30-F30 -> 0.00028
A31: 0.93762004 | B31: 0.50045001 | C31: 0.5 | E31: 0.93762004 | F31: 0.5 | G31: 0.5 | H31: =A31-E31 -> 0 | I31: =B31-F31 -> 0.000450015
A32: 0.96887004 | B32: 0.99921 | C32: 0.5 | E32: 0.96887004 | F32: 0 | G32: 0.5 | H32: =A32-E32 -> 0 | I32: =B32-F32-1 -> -0.00079

Sheet Sheet4
A1: 0.01572001 | B1: 0.24948001 | C1: 0.5 | E1: 0.015739977 | F1: 0.25 | G1: 0.5 | H1: =A1-E1 -> -1.9967e-05 | I1: =B1-F1 -> -0.000519991 | J1: -0.000519991 | K1: =SUM(I1:J1) -> -0.001039982 | L1: =K1/2 -> -0.000519991
A2: 0.046969999 | B2: 0.25005999 | C2: 0.5 | E2: 0.04699 | F2: 0.25 | G2: 0.5 | H2: =A2-E2 -> -2.0001e-05 | I2: =B2-F2 -> 5.9992e-05 | J2: 6.0022e-05 | K2: =SUM(I2:J2) -> 0.000120014 | L2: =K2/2 -> 6.0007e-05
A3: 0.078239977 | B3: 0.25045002 | C3: 0.5 | E3: 0.078239977 | F3: 0.25 | G3: 0.5 | H3: =A3-E3 -> 0 | I3: =B3-F3 -> 0.000450015 | J3: 0.000450015 | K3: =SUM(I3:J3) -> 0.00090003 | L3: =K3/2 -> 0.000450015
A4: 0.10951 | B4: 0.24944 | C4: 0.5 | E4: 0.10949 | F4: 0.25 | G4: 0.5 | H4: =A4-E4 -> 1.9997e-05 | I4: =B4-F4 -> -0.000560001 | J4: -0.000559986 | K4: =SUM(I4:J4) -> -0.001119987 | L4: =K4/2 -> -0.0005599935
A5: 0.14077002 | B5: 0.25016999 | C5: 0.5 | E5: 0.14073998 | F5: 0.25 | G5: 0.5 | H5: =A5-E5 -> 3.0041e-05 | I5: =B5-F5 -> 0.000169992 | J5: 0.000169992 | K5: =SUM(I5:J5) -> 0.000339984 | L5: =K5/2 -> 0.000169992
A6: 0.17200001 | B6: 0.25037 | C6: 0.5 | E6: 0.17199001 | F6: 0.25 | G6: 0.5 | H6: =A6-E6 -> 9.999e-06 | I6: =B6-F6 -> 0.000369996 | J6: 0.000370026 | K6: =SUM(I6:J6) -> 0.000740022 | L6: =K6/2 -> 0.000370011
A7: 0.20322001 | B7: 0.24941999 | C7: 0.5 | E7: 0.20323998 | F7: 0.25 | G7: 0.5 | H7: =A7-E7 -> -1.9967e-05 | I7: =B7-F7 -> -0.000580013 | J7: -0.000580013 | K7: =SUM(I7:J7) -> -0.001160026 | L7: =K7/2 -> -0.000580013
A8: 0.23446999 | B8: 0.25027999 | C8: 0.5 | E8: 0.23449001 | F8: 0.25 | G8: 0.5 | H8: =A8-E8 -> -2.0012e-05 | I8: =B8-F8 -> 0.000279993 | J8: 0.000280023 | K8: =SUM(I8:J8) -> 0.000560016 | L8: =K8/2 -> 0.000280008
A9: 0.26573002 | B9: 0.25027001 | C9: 0.5 | E9: 0.26573998 | F9: 0.25 | G9: 0.5 | H9: =A9-E9 -> -9.954e-06 | I9: =B9-F9 -> 0.000270009 | J9: 0.000270009 | K9: =SUM(I9:J9) -> 0.000540018 | L9: =K9/2 -> 0.000270009
A10: 0.29701001 | B10: 0.24942 | C10: 0.5 | E10: 0.29699001 | F10: 0.25 | G10: 0.5 | H10: =A10-E10 -> 1.9998e-05 | I10: =B10-F10 -> -0.000579998 | J10: -0.000580013 | K10: =SUM(I10:J10) -> -0.001160011 | L10: =K10/2 -> -0.0005800055
A11: 0.32827002 | B11: 0.25037003 | C11: 0.5 | E11: 0.32823998 | F11: 0.25 | G11: 0.5 | H11: =A11-E11 -> 3.0041e-05 | I11: =B11-F11 -> 0.000370026 | J11: 0.000370026 | K11: =SUM(I11:J11) -> 0.000740052 | L11: =K11/2 -> 0.000370026
A12: 0.35951001 | B12: 0.25016999 | C12: 0.5 | E12: 0.35949001 | F12: 0.25 | G12: 0.5 | H12: =A12-E12 -> 1.9998e-05 | I12: =B12-F12 -> 0.000169992 | J12: 0.000169992 | K12: =SUM(I12:J12) -> 0.000339984 | L12: =K12/2 -> 0.000169992
... A32: 0.98448998 | B32: 0.25051001 | C32: 0.5 | E32: 0.98448998 | F32: 0.25 | G32: 0.5 | H32: =A32-E32 -> 0 | I32: =B32-F32 -> 0.000510007 | J32: 0.000509977 | K32: =SUM(I32:J32) -> 0.001019984 | L32: =K32/2 -> 0.000509992

Sheet Sheet5
A1: 0.015769999 | B1: 0.74948001 | C1: 0.5 | E1: 0.01574 | F1: 0.75 | G1: 0.5 | H1: =A1-E1 -> 2.9999e-05 | I1: =B1-F1 -> -0.000519991
A2: 0.047010005 | B2: 0.75006002 | C2: 0.5 | E2: 0.046989977 | F2: 0.75 | G2: 0.5 | H2: =A2-E2 -> 2.0028e-05 | I2: =B2-F2 -> 6.0022e-05
A3: 0.07824 | B3: 0.75045001 | C3: 0.5 | E3: 0.07824 | F3: 0.75 | G3: 0.5 | H3: =A3-E3 -> 0 | I3: =B3-F3 -> 0.000450015
A4: 0.10947001 | B4: 0.74944001 | C4: 0.5 | E4: 0.10948998 | F4: 0.75 | G4: 0.5 | H4: =A4-E4 -> -1.9967e-05 | I4: =B4-F4 -> -0.000559986
A5: 0.14071999 | B5: 0.75016999 | C5: 0.5 | E5: 0.14074001 | F5: 0.75 | G5: 0.5 | H5: =A5-E5 -> -2.0012e-05 | I5: =B5-F5 -> 0.000169992
A6: 0.17198998 | B6: 0.75037003 | C6: 0.5 | E6: 0.17198998 | F6: 0.75 | G6: 0.5 | H6: =A6-E6 -> 0 | I6: =B6-F6 -> 0.000370026
A7: 0.20326 | B7: 0.74941999 | C7: 0.5 | E7: 0.20324001 | F7: 0.75 | G7: 0.5 | H7: =A7-E7 -> 1.9998e-05 | I7: =B7-F7 -> -0.000580013
A8: 0.23452002 | B8: 0.75028002 | C8: 0.5 | E8: 0.23448998 | F8: 0.75 | G8: 0.5 | H8: =A8-E8 -> 3.0041e-05 | I8: =B8-F8 -> 0.000280023
A9: 0.26574999 | B9: 0.75027001 | C9: 0.5 | E9: 0.26574001 | F9: 0.75 | G9: 0.5 | H9: =A9-E9 -> 9.984e-06 | I9: =B9-F9 -> 0.000270009
A10: 0.29698002 | B10: 0.74941999 | C10: 0.5 | E10: 0.29698998 | F10: 0.75 | G10: 0.5 | H10: =A10-E10 -> -9.954e-06 | I10: =B10-F10 -> -0.000580013
A11: 0.32822001 | B11: 0.75037003 | C11: 0.5 | E11: 0.32824001 | F11: 0.75 | G11: 0.5 | H11: =A11-E11 -> -1.9997e-05 | I11: =B11-F11 -> 0.000370026
A12: 0.35948002 | B12: 0.75016999 | C12: 0.5 | E12: 0.35948998 | F12: 0.75 | G12: 0.5 | H12: =A12-E12 -> -9.954e-06 | I12: =B12-F12 -> 0.000169992
... A32: 0.98449999 | B32: 0.75050998 | C32: 0.5 | E32: 0.98449004 | F32: 0.75 | G32: 0.5 | H32: =A32-E32 -> 9.954e-06 | I32: =B32-F32 -> 0.000509977

Sheet Sheet6
A1: 0.00012 | B1: 0.50002003 | C1: 0 | E1: 0.00012 | F1: 0.5 | G1: 0 | H1: =A1-E1 -> 0 | I1: =B1-F1 -> 2.0027e-05
A2: 0.031369999 | B2: 0.99927998 | C2: 0 | E2: 0.031369999 | F2: 0 | G2: 0 | H2: =A2-E2 -> 0 | I2: =B2-F2-1 -> -0.000720024
A3: 0.062619999 | B3: 0.50077999 | C3: 0 | E3: 0.062619999 | F3: 0.5 | G3: 0 | H3: =A3-E3 -> 0 | I3: =B3-F3 -> 0.000779986
A4: 0.093869999 | B4: 0.99984997 | C4: 0 | E4: 0.093869999 | F4: 0 | G4: 0 | H4: =A4-E4 -> 0 | I4: =B4-F4-1 -> -0.000150025
A5: 0.12512 | B5: 0.49937999 | C5: 0 | E5: 0.12512 | F5: 0.5 | G5: 0 | H5: =A5-E5 -> 0 | I5: =B5-F5 -> -0.000620008
A6: 0.15637 | B6: 0.00084 | C6: 0 | E6: 0.15637 | F6: 0 | G6: 0 | H6: =A6-E6 -> 0 | I6: =B6-F6 -> 0.00084
A7: 0.18762 | B7: 0.49969 | C7: 0 | E7: 0.18762 | F7: 0.5 | G7: 0 | H7: =A7-E7 -> 0 | I7: =B7-F7 -> -0.000310004
A8: 0.21887 | B8: 0.99950999 | C8: 0 | E8: 0.21887 | F8: 0 | G8: 0 | H8: =A8-E8 -> 0 | I8: =B8-F8-1 -> -0.00049001
A9: 0.25012001 | B9: 0.50085998 | C9: 0 | E9: 0.25012001 | F9: 0.5 | G9: 0 | H9: =A9-E9 -> 0 | I9: =B9-F9 -> 0.000859976
A10: 0.28137001 | B10: 0.99953997 | C10: 0 | E10: 0.28137001 | F10: 0 | G10: 0 | H10: =A10-E10 -> 0 | I10: =B10-F10-1 -> -0.000460029
A11: 0.31262001 | B11: 0.49965998 | C11: 0 | E11: 0.31262001 | F11: 0.5 | G11: 0 | H11: =A11-E11 -> 0 | I11: =B11-F11 -> -0.000340015
A12: 0.34387001 | B12: 0.00084 | C12: 0 | E12: 0.34387001 | F12: 0 | G12: 0 | H12: =A12-E12 -> 0 | I12: =B12-F12 -> 0.00084
A13: 0.37512001 | B13: 0.49941 | C13: 0 | E13: 0.37512001 | F13: 0.5 | G13: 0 | H13: =A13-E13 -> 0 | I13: =B13-F13 -> -0.000589997
A14: 0.40637001 | B14: 0.99981999 | C14: 0 | E14: 0.40637001 | F14: 0 | G14: 0 | H14: =A14-E14 -> 0 | I14: =B14-F14-1 -> -0.000180006
A15: 0.43762001 | B15: 0.50080001 | C15: 0 | E15: 0.43762001 | F15: 0.5 | G15: 0 | H15: =A15-E15 -> 0 | I15: =B15-F15 -> 0.000800014
A16: 0.46887001 | B16: 0.9993 | C16: 0 | E16: 0.46887001 | F16: 0 | G16: 0 | H16: =A16-E16 -> 0 | I16: =B16-F16-1 -> -0.000699997
A17: 0.50011998 | B17: 0.49997997 | C17: 0 | E17: 0.50011998 | F17: 0.5 | G17: 0 | H17: =A17-E17 -> 0 | I17: =B17-F17 -> -2.0027e-05
A18: 0.53136998 | B18: 0.00072 | C18: 0 | E18: 0.53136998 | F18: 0 | G18: 0 | H18: =A18-E18 -> 0 | I18: =B18-F18 -> 0.00072
A19: 0.56261998 | B19: 0.49922001 | C19: 0 | E19: 0.56261998 | F19: 0.5 | G19: 0 | H19: =A19-E19 -> 0 | I19: =B19-F19 -> -0.000779986
A20: 0.59386998 | B20: 0.00015 | C20: 0 | E20: 0.59386998 | F20: 0 | G20: 0 | H20: =A20-E20 -> 0 | I20: =B20-F20 -> 0.00015
A21: 0.62511998 | B21: 0.50062001 | C21: 0 | E21: 0.62511998 | F21: 0.5 | G21: 0 | H21: =A21-E21 -> 0 | I21: =B21-F21 -> 0.000620008
A22: 0.65636998 | B22: 0.99915999 | C22: 0 | E22: 0.65636998 | F22: 0 | G22: 0 | H22: =A22-E22 -> 0 | I22: =B22-F22-1 -> -0.000840008
A23: 0.68761998 | B23: 0.50031 | C23: 0 | E23: 0.68761998 | F23: 0.5 | G23: 0 | H23: =A23-E23 -> 0 | I23: =B23-F23 -> 0.000310004
A24: 0.71886998 | B24: 0.00049 | C24: 0 | E24: 0.71886998 | F24: 0 | G24: 0 | H24: =A24-E24 -> 0 | I24: =B24-F24 -> 0.00049
A25: 0.75012004 | B25: 0.49914002 | C25: 0 | E25: 0.75012004 | F25: 0.5 | G25: 0 | H25: =A25-E25 -> 0 | I25: =B25-F25 -> -0.000859976
A26: 0.78137004 | B26: 0.00046 | C26: 0 | E26: 0.78137004 | F26: 0 | G26: 0 | H26: =A26-E26 -> 0 | I26: =B26-F26 -> 0.00046
A27: 0.81262004 | B27: 0.50033998 | C27: 0 | E27: 0.81262004 | F27: 0.5 | G27: 0 | H27: =A27-E27 -> 0 | I27: =B27-F27 -> 0.000339985
A28: 0.84387004 | B28: 0.99915999 | C28: 0 | E28: 0.84387004 | F28: 0 | G28: 0 | H28: =A28-E28 -> 0 | I28: =B28-F28-1 -> -0.000840008
A29: 0.87512004 | B29: 0.50058997 | C29: 0 | E29: 0.87512004 | F29: 0.5 | G29: 0 | H29: =A29-E29 -> 0 | I29: =B29-F29 -> 0.000589967
A30: 0.90637004 | B30: 0.00018 | C30: 0 | E30: 0.90637004 | F30: 0 | G30: 0 | H30: =A30-E30 -> 0 | I30: =B30-F30 -> 0.00018
A31: 0.93762004 | B31: 0.49919999 | C31: 0 | E31: 0.93762004 | F31: 0.5 | G31: 0 | H31: =A31-E31 -> 0 | I31: =B31-F31 -> -0.000800014
A32: 0.96887004 | B32: 0.0007 | C32: 0 | E32: 0.96887004 | F32: 0 | G32: 0 | H32: =A32-E32 -> 0 | I32: =B32-F32 -> 0.0007

Sheet Sheet7
B1: Pb | C1: Ti | D1: O2 | E1: O1
B2: 0.00085 | C2: 0.000419974 | D2: -0.000519991 | E2: 2.0027e-05 | F2: =Sheet8!B2+Sheet8!C2+Sheet8!E2 -> 0.001290001 | G2: =F2+Sheet8!D2+Sheet8!D33 -> 0.001280002 | H2: 5.59234 | I2: =G2*H2 -> 0.0071582064
B3: 0.001060009 | C3: 0.00032 | D3: 6.0007e-05 | E3: -0.000720024 | F3: =Sheet8!B3+Sheet8!C3+Sheet8!E3 -> 0.000659985 | G3: =F3+Sheet8!D2+Sheet8!D3 -> 0.000200001 | H3: 5.59234 | I3: =G3*H3 -> 0.0011184736
B4: -0.002030015 | C4: -0.000779986 | D4: 0.000450015 | E4: 0.000779986 | F4: =Sheet8!B4+Sheet8!C4+Sheet8!E4 -> -0.002030015 | G4: =F4+Sheet8!D3+Sheet8!D4 -> -0.001519993 | H4: 5.59234 | I4: =G4*H4 -> -0.0085003176
B5: 0.001190007 | C5: 0.00054 | D5: -0.0005599935 | E5: -0.000150025 | F5: =Sheet8!B5+Sheet8!C5+Sheet8!E5 -> 0.001579982 | G5: =F5+Sheet8!D4+Sheet8!D5 -> 0.0014700035 | H5: 5.59234 | I5: =G5*H5 -> 0.0082207594
B6: 0.0007 | C6: 0.000169992 | D6: 0.000169992 | E6: -0.000620008 | F6: =Sheet8!B6+Sheet8!C6+Sheet8!E6 -> 0.000249984 | G6: =F6+Sheet8!D5+Sheet8!D6 -> -0.0001400175 | H6: 5.59234 | I6: =G6*H6 -> -0.00078302546
B7: -0.001969993 | C7: -0.000739992 | D7: 0.000370011 | E7: 0.00084 | F7: =Sheet8!B7+Sheet8!C7+Sheet8!E7 -> -0.001869985 | G7: =F7+Sheet8!D6+Sheet8!D7 -> -0.001329982 | H7: 5.59234 | I7: =G7*H7 -> -0.0074377115
B8: 0.00149 | C8: 0.000639975 | D8: -0.000580013 | E8: -0.000310004 | F8: =Sheet8!B8+Sheet8!C8+Sheet8!E8 -> 0.001819971 | G8: =F8+Sheet8!D7+Sheet8!D8 -> 0.001609969 | H8: 5.59234 | I8: =G8*H8 -> 0.009003494
B9: 0.000320017 | C9: 2e-05 | D9: 0.000280008 | E9: -0.00049001 | F9: =Sheet8!B9+Sheet8!C9+Sheet8!E9 -> -0.000149993 | G9: =F9+Sheet8!D8+Sheet8!D9 -> -0.000449998 | H9: 5.59234 | I9: =G9*H9 -> -0.0025165418
B10: -0.001839995 | C10: -0.000669986 | D10: 0.000270009 | E10: 0.000859976 | F10: =Sheet8!B10+Sheet8!C10+Sheet8!E10 -> -0.001650005 | G10: =F10+Sheet8!D9+Sheet8!D10 -> -0.001099988 | H10: 5.59234 | I10: =G10*H10 -> -0.0061515069
B11: 0.001730025 | C11: 0.00072 | D11: -0.0005800055 | E11: -0.000460029 | F11: =Sheet8!B11+Sheet8!C11+Sheet8!E11 -> 0.001989996 | G11: =F11+Sheet8!D10+Sheet8!D11 -> 0.0016799995 | H11: 5.59234 | I11: =G11*H11 -> 0.0093951284
B12: -7.9989e-05 | C12: -0.000129998 | D12: 0.000370026 | E12: -0.000340015 | F12: =Sheet8!B12+Sheet8!C12+Sheet8!E12 -> -0.000550002 | G12: =F12+Sheet8!D11+Sheet8!D12 -> -0.0007599815 | H12: 5.59234 | I12: =G12*H12 -> -0.0042500749
B13: -0.001639992 | C13: -0.000569999 | D13: 0.000169992 | E13: 0.00084 | F13: =Sheet8!B13+Sheet8!C13+Sheet8!E13 -> -0.001369991 | G13: =F13+Sheet8!D12+Sheet8!D13 -> -0.000829973 | H13: 5.59234 | I13: =G13*H13 -> -0.0046414912
B14: 0.0019 | C14: 0.000769973 | D14: -0.000559986 | E14: -0.000589997 | F14: =Sheet8!B14+Sheet8!C14+Sheet8!E14 -> 0.002079976 | G14: =F14+Sheet8!D13+Sheet8!D14 -> 0.001689982 | H14: 5.59234 | I14: =G14*H14 -> 0.0094509539
... B33: -0.002000004 | C33: -0.00079 | D33: 0.000509992 | E33: 0.0007 | F33: =Sheet8!B33+Sheet8!C33+Sheet8!E33 -> -0.002090004 | G33: =F33+Sheet8!D32+Sheet8!D33 -> -0.00163002 | H33: 5.59234 | I33: =G33*H33 -> -0.009115626

Sheet Sheet8
B1: Pb | C1: Ti | D1: O2 | E1: O1
A2: 1 | B2: 0.00085 | C2: 0.000419974 | D2: -0.000519991 | E2: 2.0027e-05 | F2: 3.83794 | G2: 6.74789 | H2: -4.17157 | I2: -2.24271 | J2: =B2*F2 -> 0.003262249 | K2: =C2*G2 -> 0.0028339384 | L2: =D2*H2 -> 0.0021691789 | M2: =E2*I2 -> -4.4914753e-05 | N2: =J2+K2+M2 -> 0.0060512726 | O2: =N2+L2+L33 -> 0.0060929841 | P2: 5.59234 | Q2: 61.229218 | R2: =O2*P2*1602/Q2 -> 0.89151245
A3: 2 | B3: 0.001060009 | C3: 0.00032 | D3: 6.0007e-05 | E3: -0.000720024 | F3: 3.83794 | G3: 6.74789 | H3: -4.17157 | I3: -2.24271 | J3: =B3*F3 -> 0.0040682509 | K3: =C3*G3 -> 0.0021593248 | L3: =D3*H3 -> -0.0002503234 | M3: =E3*I3 -> 0.001614805 | N3: =J3+K3+M3 -> 0.0078423808 | O3: =N3+L2+L3 -> 0.0097612362 | P3: 5.59234 | Q3: 61.229218 | R3: =O3*P3*1602/Q3 -> 1.4282433
A4: 3 | B4: -0.002030015 | C4: -0.000779986 | D4: 0.000450015 | E4: 0.000779986 | F4: 3.83794 | G4: 6.74789 | H4: -4.17157 | I4: -2.24271 | J4: =B4*F4 -> -0.0077910758 | K4: =C4*G4 -> -0.0052632597 | L4: =D4*H4 -> -0.0018772691 | M4: =E4*I4 -> -0.0017492824 | N4: =J4+K4+M4 -> -0.014803618 | O4: =N4+L3+L4 -> -0.01693121 | P4: 5.59234 | Q4: 61.229218 | R4: =O4*P4*1602/Q4 -> -2.4773386
A5: 4 | B5: 0.001190007 | C5: 0.00054 | D5: -0.0005599935 | E5: -0.000150025 | F5: 3.83794 | G5: 6.74789 | H5: -4.17157 | I5: -2.24271 | J5: =B5*F5 -> 0.0045671755 | K5: =C5*G5 -> 0.0036438606 | L5: =D5*H5 -> 0.0023360521 | M5: =E5*I5 -> 0.00033646257 | N5: =J5+K5+M5 -> 0.0085474986 | O5: =N5+L4+L5 -> 0.0090062816 | P5: 5.59234 | Q5: 61.229218 | R5: =O5*P5*1602/Q5 -> 1.3177799
A6: 5 | B6: 0.0007 | C6: 0.000169992 | D6: 0.000169992 | E6: -0.000620008 | F6: 3.83794 | G6: 6.74789 | H6: -4.17157 | I6: -2.24271 | J6: =B6*F6 -> 0.002686558 | K6: =C6*G6 -> 0.0011470873 | L6: =D6*H6 -> -0.00070913353 | M6: =E6*I6 -> 0.0013904981 | N6: =J6+K6+M6 -> 0.0052241435 | O6: =N6+L5+L6 -> 0.006851062 | P6: 5.59234 | Q6: 61.229218 | R6: =O6*P6*1602/Q6 -> 1.0024328
A7: 6 | B7: -0.001969993 | C7: -0.000739992 | D7: 0.000370011 | E7: 0.00084 | F7: 3.83794 | G7: 6.74789 | H7: -4.17157 | I7: -2.24271 | J7: =B7*F7 -> -0.0075607149 | K7: =C7*G7 -> -0.0049933846 | L7: =D7*H7 -> -0.0015435268 | M7: =E7*I7 -> -0.0018838764 | N7: =J7+K7+M7 -> -0.014437976 | O7: =N7+L6+L7 -> -0.016690636 | P7: 5.59234 | Q7: 61.229218 | R7: =O7*P7*1602/Q7 -> -2.4421383
A8: 7 | B8: 0.00149 | C8: 0.000639975 | D8: -0.000580013 | E8: -0.000310004 | F8: 3.83794 | G8: 6.74789 | H8: -4.17157 | I8: -2.24271 | J8: =B8*F8 -> 0.0057185306 | K8: =C8*G8 -> 0.0043184809 | L8: =D8*H8 -> 0.0024195648 | M8: =E8*I8 -> 0.00069524907 | N8: =J8+K8+M8 -> 0.010732261 | O8: =N8+L7+L8 -> 0.011608299 | P8: 5.59234 | Q8: 61.229218 | R8: =O8*P8*1602/Q8 -> 1.6985015
A9: 8 | B9: 0.000320017 | C9: 2e-05 | D9: 0.000280008 | E9: -0.00049001 | F9: 3.83794 | G9: 6.74789 | H9: -4.17157 | I9: -2.24271 | J9: =B9*F9 -> 0.001228206 | K9: =C9*G9 -> 0.0001349578 | L9: =D9*H9 -> -0.001168073 | M9: =E9*I9 -> 0.0010989503 | N9: =J9+K9+M9 -> 0.0024621142 | O9: =N9+L8+L9 -> 0.003713606 | P9: 5.59234 | Q9: 61.229218 | R9: =O9*P9*1602/Q9 -> 0.54336692
A10: 9 | B10: -0.001839995 | C10: -0.000669986 | D10: 0.000270009 | E10: 0.000859976 | F10: 3.83794 | G10: 6.74789 | H10: -4.17157 | I10: -2.24271 | J10: =B10*F10 -> -0.0070617904 | K10: =C10*G10 -> -0.0045209918 | L10: =D10*H10 -> -0.0011263614 | M10: =E10*I10 -> -0.0019286768 | N10: =J10+K10+M10 -> -0.013511459 | O10: =N10+L9+L10 -> -0.015805893 | P10: 5.59234 | Q10: 61.229218 | R10: =O10*P10*1602/Q10 -> -2.3126846
A11: 10 | B11: 0.001730025 | C11: 0.00072 | D11: -0.0005800055 | E11: -0.000460029 | F11: 3.83794 | G11: 6.74789 | H11: -4.17157 | I11: -2.24271 | J11: =B11*F11 -> 0.0066397321 | K11: =C11*G11 -> 0.0048584808 | L11: =D11*H11 -> 0.0024195335 | M11: =E11*I11 -> 0.0010317116 | N11: =J11+K11+M11 -> 0.012529925 | O11: =N11+L10+L11 -> 0.013823097 | P11: 5.59234 | Q11: 61.229218 | R11: =O11*P11*1602/Q11 -> 2.022566
A12: 11 | B12: -7.9989e-05 | C12: -0.000129998 | D12: 0.000370026 | E12: -0.000340015 | F12: 3.83794 | G12: 6.74789 | H12: -4.17157 | I12: -2.24271 | J12: =B12*F12 -> -0.00030699298 | K12: =C12*G12 -> -0.0008772122 | L12: =D12*H12 -> -0.0015435894 | M12: =E12*I12 -> 0.00076255504 | N12: =J12+K12+M12 -> -0.00042165015 | O12: =N12+L11+L12 -> 0.00045429404 | P12: 5.59234 | Q12: 61.229218 | R12: =O12*P12*1602/Q12 -> 0.066471335
A13: 12 | B13: -0.001639992 | C13: -0.000569999 | D13: 0.000169992 | E13: 0.00084 | F13: 3.83794 | G13: 6.74789 | H13: -4.17157 | I13: -2.24271 | J13: =B13*F13 -> -0.0062941909 | K13: =C13*G13 -> -0.0038462906 | L13: =D13*H13 -> -0.00070913353 | M13: =E13*I13 -> -0.0018838764 | N13: =J13+K13+M13 -> -0.012024358 | O13: =N13+L12+L13 -> -0.014277081 | P13: 5.59234 | Q13: 61.229218 | R13: =O13*P13*1602/Q13 -> -2.088992
A14: 13 | B14: 0.0019 | C14: 0.000769973 | D14: -0.000559986 | E14: -0.000589997 | F14: 3.83794 | G14: 6.74789 | H14: -4.17157 | I14: -2.24271 | J14: =B14*F14 -> 0.007292086 | K14: =C14*G14 -> 0.0051956931 | L14: =D14*H14 -> 0.0023360208 | M14: =E14*I14 -> 0.0013231922 | N14: =J14+K14+M14 -> 0.013810971 | O14: =N14+L13+L14 -> 0.015437859 | P14: 5.59234 | Q14: 61.229218 | R14: =O14*P14*1602/Q14 -> 2.2588345
... A33: 32 | B33: -0.002000004 | C33: -0.00079 | D33: 0.000509992 | E33: 0.0007 | F33: 3.83794 | G33: 6.74789 | H33: -4.17157 | I33: -2.24271 | J33: =B33*F33 -> -0.0076758954 | K33: =C33*G33 -> -0.0053308331 | L33: =D33*H33 -> -0.0021274673 | M33: =E33*I33 -> -0.001569897 | N33: =J33+K33+M33 -> -0.014576625 | O33: =N33+L32+L33 -> -0.016495481 | P33: 5.59234 | Q33: 61.229218 | R33: =O33*P33*1602/Q33 -> -2.4135836
